loss,grad_norm,learning_rate,epoch,step,eval_loss,eval_accuracy,eval_macro_f1,eval_runtime,eval_samples_per_second,eval_steps_per_second,train_runtime,train_samples_per_second,train_steps_per_second,total_flos,train_loss
1.056847457885742,8.05371379852295,1.888509670079636e-05,0.17064846416382254,50,,,,,,,,,,,
0.8906935119628906,8.100560188293457,1.7747440273037545e-05,0.3412969283276451,100,,,,,,,,,,,
0.7610118103027343,21.216230392456055,1.6609783845278727e-05,0.5119453924914675,150,,,,,,,,,,,
0.6770563507080078,20.664226531982422,1.547212741751991e-05,0.6825938566552902,200,,,,,,,,,,,
0.7106181335449219,5.99608039855957,1.4334470989761093e-05,0.8532423208191127,250,,,,,,,,,,,
,,,1.0,293,0.4022262990474701,0.863481228668942,0.8141726586171031,0.9321,314.36,20.385,,,,,
0.5627753448486328,6.00227689743042,1.3196814562002277e-05,1.023890784982935,300,,,,,,,,,,,
0.5190300369262695,14.282005310058594,1.205915813424346e-05,1.1945392491467577,350,,,,,,,,,,,
0.42373661041259764,3.701420307159424,1.0921501706484643e-05,1.36518771331058,400,,,,,,,,,,,
0.35930408477783204,43.8757438659668,9.783845278725825e-06,1.5358361774744027,450,,,,,,,,,,,
0.43776325225830076,11.38638687133789,8.64618885096701e-06,1.7064846416382253,500,,,,,,,,,,,
0.396829833984375,0.35902971029281616,7.508532423208191e-06,1.8771331058020477,550,,,,,,,,,,,
,,,2.0,586,0.35117653012275696,0.9010238907849829,0.8734364048649762,0.7091,413.183,26.793,,,,,
0.32967639923095704,1.8959071636199951,6.370875995449375e-06,2.04778156996587,600,,,,,,,,,,,
0.22110618591308595,5.908008098602295,5.2332195676905585e-06,2.218430034129693,650,,,,,,,,,,,
0.20023813247680664,0.1822739541530609,4.095563139931741e-06,2.3890784982935154,700,,,,,,,,,,,
0.19422149658203125,0.6180000305175781,2.9579067121729238e-06,2.5597269624573378,750,,,,,,,,,,,
0.253322696685791,0.4413706362247467,1.820250284414107e-06,2.73037542662116,800,,,,,,,,,,,
0.23302267074584962,175.04815673828125,6.825938566552902e-07,2.901023890784983,850,,,,,,,,,,,
,,,3.0,879,0.3090406060218811,0.9112627986348123,0.8840150167950999,0.9079,322.73,20.928,,,,,
,,,3.0,879,,,,,,,149.6614,46.986,5.873,462553388365824.0,0.4714352992343143
,,,3.0,879,0.4458364248275757,0.8775510204081632,0.8466468848541826,1.0087,291.454,18.835,,,,,
